<?xml version="1.0" encoding="UTF-8"?>
<project-private xmlns="http://www.netbeans.org/ns/project-private/1">
    <editor-bookmarks xmlns="http://www.netbeans.org/ns/editor-bookmarks/2" lastBookmarkId="0"/>
    <open-files xmlns="http://www.netbeans.org/ns/projectui-open-files/2">
        <group name="EjerciciosGenericos-321"/>
        <group name="PROGRA2-C321-LMORO">
            <file>file:/C:/Users/Lautaro/OneDrive/Documentos/NetBeansProjects/SistemaVentasPasajesInterurbanos/src/ar/edu/utn/fra/sistemapasajes/persistencia/VendedoresData.java</file>
            <file>file:/C:/Users/Lautaro/OneDrive/Documentos/NetBeansProjects/SistemaVentasPasajesInterurbanos/src/ar/edu/utn/fra/sistemapasajes/vista/VentaView.java</file>
            <file>file:/C:/Users/Lautaro/OneDrive/Documentos/NetBeansProjects/SistemaVentasPasajesInterurbanos/src/ar/edu/utn/fra/sistemapasajes/vista/MenuView.java</file>
            <file>file:/C:/Users/Lautaro/OneDrive/Documentos/NetBeansProjects/SistemaVentasPasajesInterurbanos/src/ar/edu/utn/fra/sistemapasajes/modelo/Vendedor.java</file>
        </group>
    </open-files>
</project-private>
